puzzleId	word	row	column	direction	clueContent
000071	SIXTIES	2	1	across	NA
000071	TOY	3	1	across	NA
000071	WAP	3	5	across	NA
000071	AT	4	1	across	NA
000071	SORE	4	4	across	NA
000071	TACT	5	1	across	NA
000071	NR	5	6	across	NA
000071	E	6	1	across	NA
000071	HAREM	6	3	across	NA
000071	WAITER	7	1	across	NA
000071	INCUR	8	1	across	NA
000071	Y	8	7	across	NA
000071	DT	9	1	across	NA
000071	EURO	9	4	across	NA
000071	EIS	10	1	across	NA
000071	NAN	10	5	across	NA
000071	STATEWIDE	1	2	down	NA
000071	IOTA	1	3	down	NA
000071	ANTI	6	3	down	NA
000071	XY	1	4	down	NA
000071	CHIC	4	4	down	NA
000071	S	9	4	down	NA
000071	T	1	5	down	NA
000071	STATUE	3	5	down	NA
000071	IWO	1	6	down	NA
000071	RERUN	5	6	down	NA
000071	EARNER	1	7	down	NA
000071	RA	8	7	down	NA
000071	SPERM	1	8	down	NA
000071	YON	7	8	down	NA
000072	PITCHER	2	1	across	NA
000072	SPAR	3	1	across	NA
000072	SE	3	6	across	NA
000072	Y	4	1	across	NA
000072	SUITE	4	3	across	NA
000072	CAKE	5	1	across	NA
000072	AL	5	6	across	NA
000072	HU	6	1	across	NA
000072	LET	6	4	across	NA
000072	OTT	7	1	across	NA
000072	RES	7	5	across	NA
000072	THOSE	8	1	across	NA
000072	T	8	7	across	NA
000072	IO	9	1	across	NA
000072	ACAI	9	4	across	NA
000072	CRITTER	10	1	across	NA
000072	PSYCHOTIC	1	2	down	NA
000072	IP	1	3	down	NA
000072	AUTHOR	4	3	down	NA
000072	TASK	1	4	down	NA
000072	TO	6	4	down	NA
000072	I	9	4	down	NA
000072	CRUEL	1	5	down	NA
000072	SAT	7	5	down	NA
000072	H	1	6	down	NA
000072	I	3	6	down	NA
000072	ERECT	5	6	down	NA
000072	ESTATE	1	7	down	NA
000072	AE	8	7	down	NA
000072	REEL	1	8	down	NA
000072	STIR	6	8	down	NA
000073	CARCASS	2	1	across	NA
000073	OO	3	1	across	NA
000073	HIYA	3	4	across	NA
000073	SCOLD	4	1	across	NA
000073	X	4	7	across	NA
000073	M	5	1	across	NA
000073	BOSS	5	3	across	NA
000073	EMIR	6	1	across	NA
000073	CM	6	6	across	NA
000073	TA	7	1	across	NA
000073	INCA	7	4	across	NA
000073	INANE	8	1	across	NA
000073	C	8	7	across	NA
000073	C	9	1	across	NA
000073	REACH	9	3	across	NA
000073	SUI	10	1	across	NA
000073	THO	10	5	across	NA
000073	COSMETICS	1	2	down	NA
000073	AOC	1	3	down	NA
000073	MAN	5	3	down	NA
000073	U	9	3	down	NA
000073	R	1	4	down	NA
000073	OBI	3	4	down	NA
000073	ARI	7	4	down	NA
000073	CHLORINE	1	5	down	NA
000073	AIDS	1	6	down	NA
000073	NEAT	6	6	down	NA
000073	SY	1	7	down	NA
000073	SCC	4	7	down	NA
000073	CH	8	7	down	NA
000073	SAX	1	8	down	NA
000073	MACHO	5	8	down	NA
000074	PSYCHIC	2	1	across	NA
000074	LARK	3	1	across	NA
000074	PV	3	6	across	NA
000074	AUS	4	1	across	NA
000074	COS	4	5	across	NA
000074	UN	5	1	across	NA
000074	DUD	5	4	across	NA
000074	SABER	6	1	across	NA
000074	O	6	7	across	NA
000074	I	7	1	across	NA
000074	ELBOW	7	3	across	NA
000074	BALE	8	1	across	NA
000074	NN	8	6	across	NA
000074	LETTUCE	9	1	across	NA
000074	ES	10	1	across	NA
000074	EVER	10	4	across	NA
000074	PLAUSIBLE	1	2	down	NA
000074	SAUNA	1	3	down	NA
000074	AES	7	3	down	NA
000074	YRS	1	4	down	NA
000074	BELT	5	4	down	NA
000074	CK	1	5	down	NA
000074	DELETE	4	5	down	NA
000074	H	1	6	down	NA
000074	CURB	3	6	down	NA
000074	UV	8	6	down	NA
000074	IPOD	1	7	down	NA
000074	ONCE	6	7	down	NA
000074	CVS	1	8	down	NA
000074	OWNER	5	8	down	NA
000075	AGAINST	2	1	across	NA
000075	SLAY	3	1	across	NA
000075	HY	3	6	across	NA
000075	CUR	4	1	across	NA
000075	BOP	4	5	across	NA
000075	EE	5	1	across	NA
000075	FAVE	5	4	across	NA
000075	R	6	1	across	NA
000075	SALE	6	3	across	NA
000075	TRAIL	7	1	across	NA
000075	Z	7	7	across	NA
000075	AI	8	1	across	NA
000075	LOBE	8	4	across	NA
000075	IMPETUS	9	1	across	NA
000075	NEED	10	1	across	NA
000075	YT	10	6	across	NA
000075	ASCERTAIN	1	2	down	NA
000075	GLUE	1	3	down	NA
000075	RIME	6	3	down	NA
000075	AAR	1	4	down	NA
000075	SA	5	4	down	NA
000075	PE	8	4	down	NA
000075	IY	1	5	down	NA
000075	FAILED	4	5	down	NA
000075	N	1	6	down	NA
000075	BALLOT	3	6	down	NA
000075	SHOVE	1	7	down	NA
000075	BUY	7	7	down	NA
000075	TYPE	1	8	down	NA
000075	ZEST	6	8	down	NA
000076	STUMBLE	2	1	across	NA
000076	UH	3	1	across	NA
000076	FIAT	3	4	across	NA
000076	GAS	4	1	across	NA
000076	ANH	4	5	across	NA
000076	GILT	5	1	across	NA
000076	EE	5	6	across	NA
000076	E	6	1	across	NA
000076	AUC	6	3	across	NA
000076	R	6	7	across	NA
000076	SYMBOL	7	1	across	NA
000076	TO	8	1	across	NA
000076	ALAS	8	4	across	NA
000076	EGG	9	1	across	NA
000076	AMO	9	5	across	NA
000076	DAZE	10	1	across	NA
000076	BY	10	6	across	NA
000076	SUGGESTED	1	2	down	NA
000076	THAI	1	3	down	NA
000076	YOGA	6	3	down	NA
000076	U	1	4	down	NA
000076	SLAM	3	4	down	NA
000076	GZ	8	4	down	NA
000076	MF	1	5	down	NA
000076	TUBA	4	5	down	NA
000076	E	9	5	down	NA
000076	BIA	1	6	down	NA
000076	COLA	5	6	down	NA
000076	LANE	1	7	down	NA
000076	LAMB	6	7	down	NA
000076	ETHER	1	8	down	NA
000076	SOY	7	8	down	NA
000077	ACTRESS	2	1	across	NA
000077	NOVA	3	1	across	NA
000077	TH	3	6	across	NA
000077	AN	4	1	across	NA
000077	MAYA	4	4	across	NA
000077	LES	5	1	across	NA
000077	ULM	5	5	across	NA
000077	O	6	1	across	NA
000077	WANE	6	3	across	NA
000077	GUILT	7	1	across	NA
000077	O	7	7	across	NA
000077	ONGOING	8	1	across	NA
000077	UT	9	1	across	NA
000077	NEAR	9	4	across	NA
000077	SONG	10	1	across	NA
000077	AE	10	6	across	NA
000077	ANALOGOUS	1	2	down	NA
000077	CONE	1	3	down	NA
000077	UNTO	6	3	down	NA
000077	TV	1	4	down	NA
000077	SWIG	4	4	down	NA
000077	N	9	4	down	NA
000077	RAM	1	5	down	NA
000077	ALONG	5	5	down	NA
000077	E	1	6	down	NA
000077	AUNTIE	3	6	down	NA
000077	STYLE	1	7	down	NA
000077	NAA	7	7	down	NA
000077	SHAM	1	8	down	NA
000077	OGRE	6	8	down	NA
000078	EARNEST	2	1	across	NA
000078	XZ	3	1	across	NA
000078	HYPE	3	4	across	NA
000078	EAR	4	1	across	NA
000078	ERR	4	5	across	NA
000078	M	5	1	across	NA
000078	ELDER	5	3	across	NA
000078	PLEA	6	1	across	NA
000078	EI	6	6	across	NA
000078	LEFTY	7	1	across	NA
000078	F	7	7	across	NA
000078	AV	8	1	across	NA
000078	TAXI	8	4	across	NA
000078	RESERVE	9	1	across	NA
000078	YEAR	10	1	across	NA
000078	ID	10	6	across	NA
000078	EXEMPLARY	1	2	down	NA
000078	AZA	1	3	down	NA
000078	LEVEE	5	3	down	NA
000078	R	1	4	down	NA
000078	REEF	3	4	down	NA
000078	SA	8	4	down	NA
000078	NH	1	5	down	NA
000078	LATTER	4	5	down	NA
000078	EYED	1	6	down	NA
000078	YAR	6	6	down	NA
000078	SPREE	1	7	down	NA
000078	XVI	7	7	down	NA
000078	TERRIFIED	1	8	down	NA
000079	BESIDES	2	1	across	NA
000079	ANON	3	1	across	NA
000079	GU	3	6	across	NA
000079	CAPTURE	4	1	across	NA
000079	KB	5	1	across	NA
000079	OSE	5	4	across	NA
000079	SLA	6	1	across	NA
000079	UGA	6	5	across	NA
000079	TERRAIN	7	1	across	NA
000079	A	8	1	across	NA
000079	SALON	8	3	across	NA
000079	GOER	9	1	across	NA
000079	UO	9	6	across	NA
000079	EZ	10	1	across	NA
000079	EASY	10	4	across	NA
000079	BACKSTAGE	1	2	down	NA
000079	ENABLE	1	3	down	NA
000079	OZ	8	3	down	NA
000079	SOP	1	4	down	NA
000079	ARSE	5	4	down	NA
000079	INTO	1	5	down	NA
000079	RARE	6	5	down	NA
000079	D	1	6	down	NA
000079	USUAL	3	6	down	NA
000079	A	9	6	down	NA
000079	EGREGIOUS	1	7	down	NA
000079	SUE	1	8	down	NA
000079	ANNOY	5	8	down	NA
000080	DIPLOMA	2	1	across	NA
000080	ROLE	3	1	across	NA
000080	OY	3	6	across	NA
000080	UNE	4	1	across	NA
000080	CRA	4	5	across	NA
000080	G	5	1	across	NA
000080	DARE	5	3	across	NA
000080	SOGGY	6	1	across	NA
000080	F	6	7	across	NA
000080	TREE	7	1	across	NA
000080	WI	7	6	across	NA
000080	OD	8	1	across	NA
000080	NOON	8	4	across	NA
000080	RESTORE	9	1	across	NA
000080	ERE	10	1	across	NA
000080	PDS	10	5	across	NA
000080	DRUGSTORE	1	2	down	NA
000080	ION	1	3	down	NA
000080	ORDER	5	3	down	NA
000080	PLEDGE	1	4	down	NA
000080	SE	8	4	down	NA
000080	LE	1	5	down	NA
000080	AGENT	4	5	down	NA
000080	O	1	6	down	NA
000080	CRY	3	6	down	NA
000080	OOP	7	6	down	NA
000080	MORE	1	7	down	NA
000080	WORD	6	7	down	NA
000080	AYA	1	8	down	NA
000080	FINES	5	8	down	NA
000081	TEQUILA	2	1	across	NA
000081	RAPT	3	1	across	NA
000081	IW	3	6	across	NA
000081	AV	4	1	across	NA
000081	ACNE	4	4	across	NA
000081	NEH	5	1	across	NA
000081	OUD	5	5	across	NA
000081	S	6	1	across	NA
000081	IMAX	6	3	across	NA
000081	POKER	7	1	across	NA
000081	M	7	7	across	NA
000081	OVERSEE	8	1	across	NA
000081	RE	9	1	across	NA
000081	RENT	9	4	across	NA
000081	TRAY	10	1	across	NA
000081	AE	10	6	across	NA
000081	TRANSPORT	1	2	down	NA
000081	EAVE	1	3	down	NA
000081	OVER	6	3	down	NA
000081	QP	1	4	down	NA
000081	HIKE	4	4	down	NA
000081	A	9	4	down	NA
000081	UTA	1	5	down	NA
000081	MERRY	5	5	down	NA
000081	I	1	6	down	NA
000081	COARSE	3	6	down	NA
000081	LINUX	1	7	down	NA
000081	ENA	7	7	down	NA
000081	AWED	1	8	down	NA
000081	METE	6	8	down	NA
000082	NITRATE	2	1	across	NA
000082	ODD	3	1	across	NA
000082	VIM	3	5	across	NA
000082	SE	4	1	across	NA
000082	LIMB	4	4	across	NA
000082	TAME	5	1	across	NA
000082	BE	5	6	across	NA
000082	A	6	1	across	NA
000082	ADDED	6	3	across	NA
000082	LINGER	7	1	across	NA
000082	GREET	8	1	across	NA
000082	U	8	7	across	NA
000082	II	9	1	across	NA
000082	REAR	9	4	across	NA
000082	CSX	10	1	across	NA
000082	RAN	10	5	across	NA
000082	NOSTALGIC	1	2	down	NA
000082	IDEA	1	3	down	NA
000082	IRIS	6	3	down	NA
000082	TD	1	4	down	NA
000082	MANE	4	4	down	NA
000082	X	9	4	down	NA
000082	R	1	5	down	NA
000082	LEDGER	3	5	down	NA
000082	AVI	1	6	down	NA
000082	DETER	5	6	down	NA
000082	TIMBER	1	7	down	NA
000082	AA	8	7	down	NA
000082	EMBED	1	8	down	NA
000082	URN	7	8	down	NA
000083	GENESIS	2	1	across	NA
000083	ROAR	3	1	across	NA
000083	GO	3	6	across	NA
000083	A	4	1	across	NA
000083	POUND	4	3	across	NA
000083	SLED	5	1	across	NA
000083	IA	5	6	across	NA
000083	SE	6	1	across	NA
000083	EAT	6	4	across	NA
000083	LAZ	7	1	across	NA
000083	NEC	7	5	across	NA
000083	AGING	8	1	across	NA
000083	O	8	7	across	NA
000083	NU	9	1	across	NA
000083	ORAL	9	4	across	NA
000083	DELAYED	10	1	across	NA
000083	GRASSLAND	1	2	down	NA
000083	EO	1	3	down	NA
000083	LEAGUE	4	3	down	NA
000083	NAPE	1	4	down	NA
000083	ZI	6	4	down	NA
000083	L	9	4	down	NA
000083	ERODE	1	5	down	NA
000083	NOA	7	5	down	NA
000083	S	1	6	down	NA
000083	U	3	6	down	NA
000083	ANGRY	5	6	down	NA
000083	IGNITE	1	7	down	NA
000083	AE	8	7	down	NA
000083	SODA	1	8	down	NA
000083	COLD	6	8	down	NA
000084	CONVICT	2	1	across	NA
000084	EA	3	1	across	NA
000084	ICON	3	4	across	NA
000084	SURGE	4	1	across	NA
000084	T	4	7	across	NA
000084	S	5	1	across	NA
000084	INDY	5	3	across	NA
000084	ALOE	6	1	across	NA
000084	OB	6	6	across	NA
000084	TA	7	1	across	NA
000084	TRUE	7	4	across	NA
000084	IRATE	8	1	across	NA
000084	S	8	7	across	NA
000084	O	9	1	across	NA
000084	LEAVE	9	3	across	NA
000084	NWA	10	1	across	NA
000084	MST	10	5	across	NA
000084	CESSATION	1	2	down	NA
000084	OAU	1	3	down	NA
000084	LAR	5	3	down	NA
000084	W	9	3	down	NA
000084	N	1	4	down	NA
000084	RIO	3	4	down	NA
000084	ALA	7	4	down	NA
000084	VIGNETTE	1	5	down	NA
000084	ICED	1	6	down	NA
000084	REAM	6	6	down	NA
000084	CO	1	7	down	NA
000084	YOU	4	7	down	NA
000084	VS	8	7	down	NA
000084	TNT	1	8	down	NA
000084	BESET	5	8	down	NA
000085	FRAUGHT	2	1	across	NA
000085	RINK	3	1	across	NA
000085	AY	3	6	across	NA
000085	ENO	4	1	across	NA
000085	STE	4	5	across	NA
000085	ES	5	1	across	NA
000085	BEE	5	4	across	NA
000085	SERUM	6	1	across	NA
000085	B	6	7	across	NA
000085	T	7	1	across	NA
000085	ANIME	7	3	across	NA
000085	YANK	8	1	across	NA
000085	OL	8	6	across	NA
000085	LATERAL	9	1	across	NA
000085	EA	10	1	across	NA
000085	RATE	10	4	across	NA
000085	FREESTYLE	1	2	down	NA
000085	RINSE	1	3	down	NA
000085	AAA	7	3	down	NA
000085	ANO	1	4	down	NA
000085	RANT	5	4	down	NA
000085	UK	1	5	down	NA
000085	BUNKER	4	5	down	NA
000085	G	1	6	down	NA
000085	SEMI	3	6	down	NA
000085	RA	8	6	down	NA
000085	HATE	1	7	down	NA
000085	MOAT	6	7	down	NA
000085	TYE	1	8	down	NA
000085	BELLE	5	8	down	NA
000086	SHARING	2	1	across	NA
000086	CORN	3	1	across	NA
000086	UA	3	6	across	NA
000086	RPM	4	1	across	NA
000086	CDL	4	5	across	NA
000086	IE	5	1	across	NA
000086	SAGE	5	4	across	NA
000086	P	6	1	across	NA
000086	SIRE	6	3	across	NA
000086	TRAMP	7	1	across	NA
000086	W	7	7	across	NA
000086	UE	8	1	across	NA
000086	PESO	8	4	across	NA
000086	REALTOR	9	1	across	NA
000086	EDGE	10	1	across	NA
000086	WN	10	6	across	NA
000086	SCRIPTURE	1	2	down	NA
000086	HOPE	1	3	down	NA
000086	REED	6	3	down	NA
000086	ARM	1	4	down	NA
000086	SA	5	4	down	NA
000086	AG	8	4	down	NA
000086	RN	1	5	down	NA
000086	SIMPLE	4	5	down	NA
000086	I	1	6	down	NA
000086	CARPET	3	6	down	NA
000086	NUDGE	1	7	down	NA
000086	SOW	7	7	down	NA
000086	GALE	1	8	down	NA
000086	WORN	6	8	down	NA
000087	SPUTTER	2	1	across	NA
000087	UO	3	1	across	NA
000087	CHAI	3	4	across	NA
000087	COB	4	1	across	NA
000087	ASP	4	5	across	NA
000087	CLAP	5	1	across	NA
000087	EE	5	6	across	NA
000087	E	6	1	across	NA
000087	SAW	6	3	across	NA
000087	N	6	7	across	NA
000087	SCENIC	7	1	across	NA
000087	SO	8	1	across	NA
000087	TSAR	8	4	across	NA
000087	OMG	9	1	across	NA
000087	PRO	9	5	across	NA
000087	RAZE	10	1	across	NA
000087	TZ	10	6	across	NA
000087	SUCCESSOR	1	2	down	NA
000087	POOL	1	3	down	NA
000087	COMA	6	3	down	NA
000087	U	1	4	down	NA
000087	BASE	3	4	down	NA
000087	GZ	8	4	down	NA
000087	TC	1	5	down	NA
000087	PANT	4	5	down	NA
000087	E	9	5	down	NA
000087	THA	1	6	down	NA
000087	WISP	5	6	down	NA
000087	EASE	1	7	down	NA
000087	CART	6	7	down	NA
000087	RIPEN	1	8	down	NA
000087	ROZ	7	8	down	NA
000088	STELLAR	2	1	across	NA
000088	THEE	3	1	across	NA
000088	PO	3	6	across	NA
000088	RA	4	1	across	NA
000088	ECHO	4	4	across	NA
000088	EWW	5	1	across	NA
000088	HIT	5	5	across	NA
000088	S	6	1	across	NA
000088	HEED	6	3	across	NA
000088	SPINE	7	1	across	NA
000088	C	7	7	across	NA
000088	FORESEE	8	1	across	NA
000088	US	9	1	across	NA
000088	MELD	9	4	across	NA
000088	LEVY	10	1	across	NA
000088	AE	10	6	across	NA
000088	STRESSFUL	1	2	down	NA
000088	THAW	1	3	down	NA
000088	POSE	6	3	down	NA
000088	EE	1	4	down	NA
000088	WHIR	4	4	down	NA
000088	V	9	4	down	NA
000088	LEE	1	5	down	NA
000088	ENEMY	5	5	down	NA
000088	L	1	6	down	NA
000088	CHEESE	3	6	down	NA
000088	APHID	1	7	down	NA
000088	ELA	7	7	down	NA
000088	ROOT	1	8	down	NA
000088	CEDE	6	8	down	NA
000089	CREATOR	2	1	across	NA
000089	HZ	3	1	across	NA
000089	TAPE	3	4	across	NA
000089	AAC	4	1	across	NA
000089	KIM	4	5	across	NA
000089	R	5	1	across	NA
000089	ARENA	5	3	across	NA
000089	ACRE	6	1	across	NA
000089	EI	6	6	across	NA
000089	CLEAN	7	1	across	NA
000089	N	7	7	across	NA
000089	TO	8	1	across	NA
000089	SAID	8	4	across	NA
000089	ENFORCE	9	1	across	NA
000089	REIN	10	1	across	NA
000089	AR	10	6	across	NA
000089	CHARACTER	1	2	down	NA
000089	RZA	1	3	down	NA
000089	CLONE	5	3	down	NA
000089	E	1	4	down	NA
000089	CARE	3	4	down	NA
000089	FI	8	4	down	NA
000089	AT	1	5	down	NA
000089	REASON	4	5	down	NA
000089	TAKE	1	6	down	NA
000089	NAR	6	6	down	NA
000089	OPINE	1	7	down	NA
000089	ICA	7	7	down	NA
000089	REMAINDER	1	8	down	NA
000090	APPLAUD	2	1	across	NA
000090	SOLO	3	1	across	NA
000090	NV	3	6	across	NA
000090	STARTER	4	1	across	NA
000090	OI	5	1	across	NA
000090	DAT	5	4	across	NA
000090	COW	6	1	across	NA
000090	SHY	6	5	across	NA
000090	INERTIA	7	1	across	NA
000090	A	8	1	across	NA
000090	LEECH	8	3	across	NA
000090	TOTE	9	1	across	NA
000090	AO	9	6	across	NA
000090	EZ	10	1	across	NA
000090	KILO	10	4	across	NA
000090	ASSOCIATE	1	2	down	NA
000090	POTION	1	3	down	NA
000090	OZ	8	3	down	NA
000090	PLA	1	4	down	NA
000090	WELT	5	4	down	NA
000090	LORD	1	5	down	NA
000090	REEK	6	5	down	NA
000090	A	1	6	down	NA
000090	TASTE	3	6	down	NA
000090	I	9	6	down	NA
000090	UNETHICAL	1	7	down	NA
000090	DVR	1	8	down	NA
000090	YAHOO	5	8	down	NA
000091	PASTIME	2	1	across	NA
000091	OGLE	3	1	across	NA
000091	AV	3	6	across	NA
000091	TAO	4	1	across	NA
000091	ARA	4	5	across	NA
000091	A	5	1	across	NA
000091	GENE	5	3	across	NA
000091	STAND	6	1	across	NA
000091	S	6	7	across	NA
000091	SAND	7	1	across	NA
000091	YA	7	6	across	NA
000091	II	8	1	across	NA
000091	OPAL	8	4	across	NA
000091	UNAWARE	9	1	across	NA
000091	MTP	10	1	across	NA
000091	MDS	10	5	across	NA
000091	POTASSIUM	1	2	down	NA
000091	AGA	1	3	down	NA
000091	TAINT	5	3	down	NA
000091	SLOGAN	1	4	down	NA
000091	AP	8	4	down	NA
000091	TE	1	5	down	NA
000091	ENDOW	4	5	down	NA
000091	I	1	6	down	NA
000091	AND	3	6	down	NA
000091	PAM	7	6	down	NA
000091	MARE	1	7	down	NA
000091	YARD	6	7	down	NA
000091	EVA	1	8	down	NA
000091	SALES	5	8	down	NA
000092	ARSENAL	2	1	across	NA
000092	BIRD	3	1	across	NA
000092	MA	3	6	across	NA
000092	US	4	1	across	NA
000092	USER	4	4	across	NA
000092	NEW	5	1	across	NA
000092	END	5	5	across	NA
000092	D	6	1	across	NA
000092	HERD	6	3	across	NA
000092	AGILE	7	1	across	NA
000092	M	7	7	across	NA
000092	NOMINEE	8	1	across	NA
000092	CA	9	1	across	NA
000092	TERM	9	4	across	NA
000092	ELSE	10	1	across	NA
000092	AE	10	6	across	NA
000092	ABUNDANCE	1	2	down	NA
000092	RISE	1	3	down	NA
000092	GOAL	6	3	down	NA
000092	SR	1	4	down	NA
000092	WHIM	4	4	down	NA
000092	S	9	4	down	NA
000092	EDU	1	5	down	NA
000092	ELITE	5	5	down	NA
000092	N	1	6	down	NA
000092	SERENE	3	6	down	NA
000092	AMEND	1	7	down	NA
000092	ERA	7	7	down	NA
000092	LARD	1	8	down	NA
000092	MEME	6	8	down	NA
000093	GIMMICK	2	1	across	NA
000093	RDA	3	1	across	NA
000093	SAI	3	5	across	NA
000093	OE	4	1	across	NA
000093	LINT	4	4	across	NA
000093	TAPA	5	1	across	NA
000093	CT	5	6	across	NA
000093	E	6	1	across	NA
000093	ABBEY	6	3	across	NA
000093	SCROLL	7	1	across	NA
000093	QUEUE	8	1	across	NA
000093	U	8	7	across	NA
000093	UT	9	1	across	NA
000093	REAP	9	4	across	NA
000093	EEW	10	1	across	NA
000093	DAN	10	5	across	NA
000093	GROTESQUE	1	2	down	NA
000093	IDEA	1	3	down	NA
000093	CUTE	6	3	down	NA
000093	MA	1	4	down	NA
000093	PARE	4	4	down	NA
000093	W	9	4	down	NA
000093	M	1	5	down	NA
000093	LABOUR	3	5	down	NA
000093	ISI	1	6	down	NA
000093	BLEED	5	6	down	NA
000093	CANCEL	1	7	down	NA
000093	AA	8	7	down	NA
000093	KITTY	1	8	down	NA
000093	UPN	7	8	down	NA
000094	NEWBORN	2	1	across	NA
000094	ODOR	3	1	across	NA
000094	OO	3	6	across	NA
000094	N	4	1	across	NA
000094	NEXUS	4	3	across	NA
000094	PATE	5	1	across	NA
000094	TY	5	6	across	NA
000094	RP	6	1	across	NA
000094	DAE	6	4	across	NA
000094	OPT	7	1	across	NA
000094	SRT	7	5	across	NA
000094	FECES	8	1	across	NA
000094	I	8	7	across	NA
000094	IA	9	1	across	NA
000094	REAL	9	4	across	NA
000094	TRUSTEE	10	1	across	NA
000094	NONPROFIT	1	2	down	NA
000094	ED	1	3	down	NA
000094	APPEAR	4	3	down	NA
000094	WONT	1	4	down	NA
000094	TC	6	4	down	NA
000094	U	9	4	down	NA
000094	BREED	1	5	down	NA
000094	ERS	7	5	down	NA
000094	O	1	6	down	NA
000094	X	3	6	down	NA
000094	ASSET	5	6	down	NA
000094	ROUTER	1	7	down	NA
000094	AE	8	7	down	NA
000094	NOSY	1	8	down	NA
000094	TILE	6	8	down	NA
000095	INSTANT	2	1	across	NA
000095	NA	3	1	across	NA
000095	HUGE	3	4	across	NA
000095	SHEET	4	1	across	NA
000095	X	4	7	across	NA
000095	I	5	1	across	NA
000095	MOOD	5	3	across	NA
000095	SOAR	6	1	across	NA
000095	SS	6	6	across	NA
000095	TA	7	1	across	NA
000095	ISLE	7	4	across	NA
000095	ERASE	8	1	across	NA
000095	V	8	7	across	NA
000095	N	9	1	across	NA
000095	STAVE	9	3	across	NA
000095	TMI	10	1	across	NA
000095	MUR	10	5	across	NA
000095	INSISTENT	1	2	down	NA
000095	NAH	1	3	down	NA
000095	OAR	5	3	down	NA
000095	M	9	3	down	NA
000095	S	1	4	down	NA
000095	EMA	3	4	down	NA
000095	ASI	7	4	down	NA
000095	THEORIST	1	5	down	NA
000095	AUTO	1	6	down	NA
000095	SEAM	6	6	down	NA
000095	NG	1	7	down	NA
000095	DSL	4	7	down	NA
000095	VU	8	7	down	NA
000095	TEX	1	8	down	NA
000095	SEVER	5	8	down	NA
000096	VANILLA	2	1	across	NA
000096	IRON	3	1	across	NA
000096	UX	3	6	across	NA
000096	GIT	4	1	across	NA
000096	PRE	4	5	across	NA
000096	IS	5	1	across	NA
000096	DUE	5	4	across	NA
000096	LEVEL	6	1	across	NA
000096	N	6	7	across	NA
000096	A	7	1	across	NA
000096	APPLE	7	3	across	NA
000096	NINE	8	1	across	NA
000096	OV	8	6	across	NA
000096	TEENAGE	9	1	across	NA
000096	EA	10	1	across	NA
000096	DOOR	10	4	across	NA
000096	VIGILANTE	1	2	down	NA
000096	ARISE	1	3	down	NA
000096	IEA	7	3	down	NA
000096	NOT	1	4	down	NA
000096	VANE	5	4	down	NA
000096	IN	1	5	down	NA
000096	DEPEND	4	5	down	NA
000096	L	1	6	down	NA
000096	PULP	3	6	down	NA
000096	AO	8	6	down	NA
000096	LURE	1	7	down	NA
000096	LOGO	6	7	down	NA
000096	AXE	1	8	down	NA
000096	NEVER	5	8	down	NA
000097	ADDRESS	2	1	across	NA
000097	DIRE	3	1	across	NA
000097	TI	3	6	across	NA
000097	MSS	4	1	across	NA
000097	CON	4	5	across	NA
000097	IS	5	1	across	NA
000097	TONE	5	4	across	NA
000097	R	6	1	across	NA
000097	SAME	6	3	across	NA
000097	ALARM	7	1	across	NA
000097	S	7	7	across	NA
000097	BA	8	1	across	NA
000097	GOAT	8	4	across	NA
000097	LICENSE	9	1	across	NA
000097	EDIT	10	1	across	NA
000097	UW	10	6	across	NA
000097	ADMIRABLE	1	2	down	NA
000097	DISS	1	3	down	NA
000097	LAID	6	3	down	NA
000097	DRS	1	4	down	NA
000097	SA	5	4	down	NA
000097	CI	8	4	down	NA
000097	RE	1	5	down	NA
000097	TARGET	4	5	down	NA
000097	E	1	6	down	NA
000097	COMMON	3	6	down	NA
000097	STONE	1	7	down	NA
000097	ASU	7	7	down	NA
000097	SINE	1	8	down	NA
000097	STEW	6	8	down	NA
000098	ADAMANT	2	1	across	NA
000098	PU	3	1	across	NA
000098	CIAO	3	4	across	NA
000098	PAD	4	1	across	NA
000098	AMT	4	5	across	NA
000098	ALUM	5	1	across	NA
000098	EE	5	6	across	NA
000098	R	6	1	across	NA
000098	SAM	6	3	across	NA
000098	M	6	7	across	NA
000098	ACTUAL	7	1	across	NA
000098	TO	8	1	across	NA
000098	LION	8	4	across	NA
000098	USU	9	1	across	NA
000098	MOI	9	5	across	NA
000098	STUN	10	1	across	NA
000098	TX	10	6	across	NA
000098	APPARATUS	1	2	down	NA
000098	DUAL	1	3	down	NA
000098	COST	6	3	down	NA
000098	A	1	4	down	NA
000098	DUST	3	4	down	NA
000098	UU	8	4	down	NA
000098	MC	1	5	down	NA
000098	MAUL	4	5	down	NA
000098	N	9	5	down	NA
000098	AIA	1	6	down	NA
000098	MAIM	5	6	down	NA
000098	NAME	1	7	down	NA
000098	LOOT	6	7	down	NA
000098	TOTEM	1	8	down	NA
000098	NIX	7	8	down	NA
000099	CAPITAL	2	1	across	NA
000099	AMID	3	1	across	NA
000099	ME	3	6	across	NA
000099	SM	4	1	across	NA
000099	SCAN	4	4	across	NA
000099	SOB	5	1	across	NA
000099	OSS	5	5	across	NA
000099	E	6	1	across	NA
000099	ONUS	6	3	across	NA
000099	RADAR	7	1	across	NA
000099	B	7	7	across	NA
000099	ODYSSEY	8	1	across	NA
000099	LH	9	1	across	NA
000099	TEST	9	4	across	NA
000099	EDGY	10	1	across	NA
000099	AE	10	6	across	NA
000099	CASSEROLE	1	2	down	NA
000099	AMMO	1	3	down	NA
000099	ADHD	6	3	down	NA
000099	PI	1	4	down	NA
000099	BODY	4	4	down	NA
000099	G	9	4	down	NA
000099	IDS	1	5	down	NA
000099	NASTY	5	5	down	NA
000099	T	1	6	down	NA
000099	COURSE	3	6	down	NA
000099	AMASS	1	7	down	NA
000099	ESA	7	7	down	NA
000099	LENS	1	8	down	NA
000099	BYTE	6	8	down	NA
000100	SEISMIC	2	1	across	NA
000100	URGE	3	1	across	NA
000100	MR	3	6	across	NA
000100	BR	4	1	across	NA
000100	COPE	4	4	across	NA
000100	SOLE	5	1	across	NA
000100	AW	5	6	across	NA
000100	TRADER	6	1	across	NA
000100	R	7	1	across	NA
000100	TENTH	7	3	across	NA
000100	ARE	8	1	across	NA
000100	SIA	8	5	across	NA
000100	TEXTUAL	9	1	across	NA
000100	EA	10	1	across	NA
000100	YELL	10	4	across	NA
000100	SUBSTRATE	1	2	down	NA
000100	ERROR	1	3	down	NA
000100	REA	7	3	down	NA
000100	IG	1	4	down	NA
000100	LATEX	4	4	down	NA
000100	SECEDE	1	5	down	NA
000100	TY	8	5	down	NA
000100	M	1	6	down	NA
000100	O	3	6	down	NA
000100	ENSUE	5	6	down	NA
000100	IMPARTIAL	1	7	down	NA
000100	CREW	1	8	down	NA
000100	HALL	6	8	down	NA
000101	REGULAR	2	1	across	NA
000101	EV	3	1	across	NA
000101	WISE	3	4	across	NA
000101	JAW	4	1	across	NA
000101	MIC	4	5	across	NA
000101	EPISODE	5	1	across	NA
000101	COKE	6	1	across	NA
000101	EI	6	6	across	NA
000101	TRIAL	7	1	across	NA
000101	V	7	7	across	NA
000101	IA	8	1	across	NA
000101	SARI	8	4	across	NA
000101	OTTOMAN	9	1	across	NA
000101	NEON	10	1	across	NA
000101	SG	10	6	across	NA
000101	REJECTION	1	2	down	NA
000101	EVAPORATE	1	3	down	NA
000101	G	1	4	down	NA
000101	WIKI	3	4	down	NA
000101	TO	8	4	down	NA
000101	UW	1	5	down	NA
000101	SEASON	4	5	down	NA
000101	LIMO	1	6	down	NA
000101	LAM	6	6	down	NA
000101	ASIDE	1	7	down	NA
000101	RAS	7	7	down	NA
000101	RECEIVING	1	8	down	NA
000102	PALETTE	2	1	across	NA
000102	AX	3	1	across	NA
000102	WORM	3	4	across	NA
000102	CAT	4	1	across	NA
000102	MAP	4	5	across	NA
000102	K	5	1	across	NA
000102	ELECT	5	3	across	NA
000102	AFRO	6	1	across	NA
000102	EI	6	6	across	NA
000102	GENUS	7	1	across	NA
000102	N	7	7	across	NA
000102	IM	8	1	across	NA
000102	DAME	8	4	across	NA
000102	NUCLEUS	9	1	across	NA
000102	GRAY	10	1	across	NA
000102	SS	10	6	across	NA
000102	PACKAGING	1	2	down	NA
000102	AXA	1	3	down	NA
000102	FEMUR	5	3	down	NA
000102	L	1	4	down	NA
000102	TERN	3	4	down	NA
000102	CA	8	4	down	NA
000102	EW	1	5	down	NA
000102	LOUDLY	4	5	down	NA
000102	TOME	1	6	down	NA
000102	SAE	6	6	down	NA
000102	TRACE	1	7	down	NA
000102	MUS	7	7	down	NA
000102	EMPTINESS	1	8	down	NA
000103	PLATOON	2	1	across	NA
000103	EACH	3	1	across	NA
000103	VP	3	6	across	NA
000103	STRIPED	4	1	across	NA
000103	TI	5	1	across	NA
000103	SAR	5	4	across	NA
000103	INC	6	1	across	NA
000103	NRA	6	5	across	NA
000103	COUNSEL	7	1	across	NA
000103	I	8	1	across	NA
000103	ROYAL	8	3	across	NA
000103	DOER	9	1	across	NA
000103	CO	9	6	across	NA
000103	EZ	10	1	across	NA
000103	MUTT	10	4	across	NA
000103	PESTICIDE	1	2	down	NA
000103	LATINO	1	3	down	NA
000103	OZ	8	3	down	NA
000103	ACR	1	4	down	NA
000103	CURE	5	4	down	NA
000103	THIS	1	5	down	NA
000103	NORM	6	5	down	NA
000103	O	1	6	down	NA
000103	PANSY	3	6	down	NA
000103	U	9	6	down	NA
000103	OVERREACT	1	7	down	NA
000103	NPD	1	8	down	NA
000103	ALLOT	5	8	down	NA
000104	STATUTE	2	1	across	NA
000104	NONE	3	1	across	NA
000104	EV	3	6	across	NA
000104	OUI	4	1	across	NA
000104	CAI	4	5	across	NA
000104	W	5	1	across	NA
000104	MART	5	3	across	NA
000104	FLARE	6	1	across	NA
000104	W	6	7	across	NA
000104	LILY	7	1	across	NA
000104	MA	7	6	across	NA
000104	AB	8	1	across	NA
000104	ABUT	8	4	across	NA
000104	KEYNOTE	9	1	across	NA
000104	ELY	10	1	across	NA
000104	MER	10	5	across	NA
000104	SNOWFLAKE	1	2	down	NA
000104	TOU	1	3	down	NA
000104	LIBEL	5	3	down	NA
000104	ANIMAL	1	4	down	NA
000104	YY	8	4	down	NA
000104	TE	1	5	down	NA
000104	ARYAN	4	5	down	NA
000104	U	1	6	down	NA
000104	CRE	3	6	down	NA
000104	BOM	7	6	down	NA
000104	TEAT	1	7	down	NA
000104	MUTE	6	7	down	NA
000104	EVI	1	8	down	NA
000104	WATER	5	8	down	NA
000105	CHICKEN	2	1	across	NA
000105	HOPI	3	1	across	NA
000105	XE	3	6	across	NA
000105	RS	4	1	across	NA
000105	AJAR	4	4	across	NA
000105	ITS	5	1	across	NA
000105	ULD	5	5	across	NA
000105	S	6	1	across	NA
000105	TENT	6	3	across	NA
000105	THANK	7	1	across	NA
000105	S	7	7	across	NA
000105	MARTINI	8	1	across	NA
000105	AL	9	1	across	NA
000105	REST	9	4	across	NA
000105	STAY	10	1	across	NA
000105	AE	10	6	across	NA
000105	CHRISTMAS	1	2	down	NA
000105	HOST	1	3	down	NA
000105	HALT	6	3	down	NA
000105	IP	1	4	down	NA
000105	STAR	4	4	down	NA
000105	A	9	4	down	NA
000105	CIA	1	5	down	NA
000105	ENTRY	5	5	down	NA
000105	K	1	6	down	NA
000105	JUNKIE	3	6	down	NA
000105	EXALT	1	7	down	NA
000105	NSA	7	7	down	NA
000105	NERD	1	8	down	NA
000105	SITE	6	8	down	NA
000106	STORAGE	2	1	across	NA
000106	AUM	3	1	across	NA
000106	PAX	3	5	across	NA
000106	CT	4	1	across	NA
000106	CORE	4	4	across	NA
000106	RUNE	5	1	across	NA
000106	NR	5	6	across	NA
000106	I	6	1	across	NA
000106	UNMET	6	3	across	NA
000106	FILTER	7	1	across	NA
000106	INLET	8	1	across	NA
000106	N	8	7	across	NA
000106	CF	9	1	across	NA
000106	READ	9	4	across	NA
000106	EON	10	1	across	NA
000106	RAP	10	5	across	NA
000106	SACRIFICE	1	2	down	NA
000106	TUTU	1	3	down	NA
000106	INFO	6	3	down	NA
000106	OM	1	4	down	NA
000106	NULL	4	4	down	NA
000106	N	9	4	down	NA
000106	R	1	5	down	NA
000106	CENTER	3	5	down	NA
000106	APO	1	6	down	NA
000106	METER	5	6	down	NA
000106	GARNER	1	7	down	NA
000106	AA	8	7	down	NA
000106	EXERT	1	8	down	NA
000106	NDP	7	8	down	NA
000107	OBSCURE	2	1	across	NA
000107	VITA	3	1	across	NA
000107	EX	3	6	across	NA
000107	E	4	1	across	NA
000107	AMPLE	4	3	across	NA
000107	RITE	5	1	across	NA
000107	IC	5	6	across	NA
000107	TM	6	1	across	NA
000107	LTV	6	4	across	NA
000107	HPV	7	1	across	NA
000107	EEK	7	5	across	NA
000107	RAVEN	8	1	across	NA
000107	I	8	7	across	NA
000107	OI	9	1	across	NA
000107	SEAL	9	4	across	NA
000107	WRITTEN	10	1	across	NA
000107	OVERTHROW	1	2	down	NA
000107	BI	1	3	down	NA
000107	IMPAIR	4	3	down	NA
000107	STAT	1	4	down	NA
000107	VV	6	4	down	NA
000107	I	9	4	down	NA
000107	CAMEL	1	5	down	NA
000107	EST	7	5	down	NA
000107	U	1	6	down	NA
000107	P	3	6	down	NA
000107	TENET	5	6	down	NA
000107	RELIVE	1	7	down	NA
000107	AE	8	7	down	NA
000107	EXEC	1	8	down	NA
000107	KILN	6	8	down	NA
000108	REVISED	2	1	across	NA
000108	EA	3	1	across	NA
000108	MONO	3	4	across	NA
000108	SIGMA	4	1	across	NA
000108	W	4	7	across	NA
000108	U	5	1	across	NA
000108	PAPA	5	3	across	NA
000108	LIST	6	1	across	NA
000108	UM	6	6	across	NA
000108	TA	7	1	across	NA
000108	UNDO	7	4	across	NA
000108	INTRO	8	1	across	NA
000108	N	8	7	across	NA
000108	N	9	1	across	NA
000108	SEIZE	9	3	across	NA
000108	GUO	10	1	across	NA
000108	ROY	10	5	across	NA
000108	RESULTING	1	2	down	NA
000108	EAI	1	3	down	NA
000108	IAN	5	3	down	NA
000108	U	9	3	down	NA
000108	V	1	4	down	NA
000108	GPS	3	4	down	NA
000108	TSO	7	4	down	NA
000108	IMMATURE	1	5	down	NA
000108	SOAP	1	6	down	NA
000108	NOIR	6	6	down	NA
000108	EN	1	7	down	NA
000108	AUD	4	7	down	NA
000108	ZO	8	7	down	NA
000108	DOW	1	8	down	NA
000108	MONEY	5	8	down	NA
000109	CHOLERA	2	1	across	NA
000109	HOUR	3	1	across	NA
000109	OV	3	6	across	NA
000109	ART	4	1	across	NA
000109	ATC	4	5	across	NA
000109	LS	5	1	across	NA
000109	CUE	5	4	across	NA
000109	LEPER	6	1	across	NA
000109	S	6	7	across	NA
000109	E	7	1	across	NA
000109	IMAGE	7	3	across	NA
000109	NOTE	8	1	across	NA
000109	AV	8	6	across	NA
000109	GRANITE	9	1	across	NA
000109	EA	10	1	across	NA
000109	TEEN	10	4	across	NA
000109	CHALLENGE	1	2	down	NA
000109	HORSE	1	3	down	NA
000109	ORA	7	3	down	NA
000109	OUT	1	4	down	NA
000109	PITA	5	4	down	NA
000109	LR	1	5	down	NA
000109	CEMENT	4	5	down	NA
000109	E	1	6	down	NA
000109	AURA	3	6	down	NA
000109	IE	8	6	down	NA
000109	ROTE	1	7	down	NA
000109	GATE	6	7	down	NA
000109	AVC	1	8	down	NA
000109	SEVEN	5	8	down	NA
000110	SPATIAL	2	1	across	NA
000110	HOLY	3	1	across	NA
000110	BO	3	6	across	NA
000110	ORE	4	1	across	NA
000110	CAV	4	5	across	NA
000110	RE	5	1	across	NA
000110	MATE	5	4	across	NA
000110	T	6	1	across	NA
000110	SANE	6	3	across	NA
000110	SCARY	7	1	across	NA
000110	S	7	7	across	NA
000110	TA	8	1	across	NA
000110	KOOK	8	4	across	NA
000110	OFFENSE	9	1	across	NA
000110	PEST	10	1	across	NA
000110	UW	10	6	across	NA
000110	SHORTSTOP	1	2	down	NA
000110	PORE	1	3	down	NA
000110	CAFE	6	3	down	NA
000110	ALE	1	4	down	NA
000110	SA	5	4	down	NA
000110	FS	8	4	down	NA
000110	TY	1	5	down	NA
000110	MARKET	4	5	down	NA
000110	I	1	6	down	NA
000110	CANYON	3	6	down	NA
000110	ABATE	1	7	down	NA
000110	OSU	7	7	down	NA
000110	LOVE	1	8	down	NA
000110	SKEW	6	8	down	NA
000111	STYLING	2	1	across	NA
000111	TR	3	1	across	NA
000111	WHOA	3	4	across	NA
000111	YIP	4	1	across	NA
000111	SST	4	5	across	NA
000111	LOOP	5	1	across	NA
000111	EE	5	6	across	NA
000111	I	6	1	across	NA
000111	PEP	6	3	across	NA
000111	D	6	7	across	NA
000111	STEREO	7	1	across	NA
000111	TO	8	1	across	NA
000111	PART	8	4	across	NA
000111	IOU	9	1	across	NA
000111	TCI	9	5	across	NA
000111	CLUE	10	1	across	NA
000111	AP	10	6	across	NA
000111	STYLISTIC	1	2	down	NA
000111	TRIO	1	3	down	NA
000111	TOOL	6	3	down	NA
000111	Y	1	4	down	NA
000111	POPE	3	4	down	NA
000111	UU	8	4	down	NA
000111	LW	1	5	down	NA
000111	PERP	4	5	down	NA
000111	E	9	5	down	NA
000111	IHS	1	6	down	NA
000111	PEAT	5	6	down	NA
000111	NOSE	1	7	down	NA
000111	ORCA	6	7	down	NA
000111	GATED	1	8	down	NA
000111	TIP	7	8	down	NA
000112	PARTIAL	2	1	across	NA
000112	EXPO	3	1	across	NA
000112	DI	3	6	across	NA
000112	DO	4	1	across	NA
000112	ATOM	4	4	across	NA
000112	INS	5	1	across	NA
000112	IRE	5	5	across	NA
000112	A	6	1	across	NA
000112	CASE	6	3	across	NA
000112	TRANS	7	1	across	NA
000112	I	7	7	across	NA
000112	REBOUND	8	1	across	NA
000112	IP	9	1	across	NA
000112	VEIL	9	4	across	NA
000112	CODA	10	1	across	NA
000112	AE	10	6	across	NA
000112	PEDIATRIC	1	2	down	NA
000112	AXON	1	3	down	NA
000112	REPO	6	3	down	NA
000112	RP	1	4	down	NA
000112	SCAB	4	4	down	NA
000112	D	9	4	down	NA
000112	TOA	1	5	down	NA
000112	ANOVA	5	5	down	NA
000112	I	1	6	down	NA
000112	TISSUE	3	6	down	NA
000112	ADORE	1	7	down	NA
000112	NIA	7	7	down	NA
000112	LIME	1	8	down	NA
000112	IDLE	6	8	down	NA
000113	SCHOLAR	2	1	across	NA
000113	OY	3	1	across	NA
000113	WAGE	3	4	across	NA
000113	CAA	4	1	across	NA
000113	CRS	4	5	across	NA
000113	I	5	1	across	NA
000113	CREEP	5	3	across	NA
000113	ARIA	6	1	across	NA
000113	EE	6	6	across	NA
000113	LODGE	7	1	across	NA
000113	C	7	7	across	NA
000113	IA	8	1	across	NA
000113	GENT	8	4	across	NA
000113	SCIENCE	9	1	across	NA
000113	THUD	10	1	across	NA
000113	AD	10	6	across	NA
000113	SOCIALIST	1	2	down	NA
000113	CYA	1	3	down	NA
000113	ROACH	5	3	down	NA
000113	H	1	4	down	NA
000113	ACID	3	4	down	NA
000113	IU	8	4	down	NA
000113	OW	1	5	down	NA
000113	RAGGED	4	5	down	NA
000113	LACE	1	6	down	NA
000113	EEN	6	6	down	NA
000113	AGREE	1	7	down	NA
000113	NCA	7	7	down	NA
000113	RESPECTED	1	8	down	NA
000114	BEDSIDE	2	1	across	NA
000114	ANEW	3	1	across	NA
000114	EV	3	6	across	NA
000114	ROYALTY	4	1	across	NA
000114	RU	5	1	across	NA
000114	BAE	5	4	across	NA
000114	IGE	6	1	across	NA
000114	TNC	6	5	across	NA
000114	CHARITY	7	1	across	NA
000114	A	8	1	across	NA
000114	SONIC	8	3	across	NA
000114	DATA	9	1	across	NA
000114	OL	9	6	across	NA
000114	EZ	10	1	across	NA
000114	MINE	10	4	across	NA
000114	BARRICADE	1	2	down	NA
000114	ENOUGH	1	3	down	NA
000114	AZ	8	3	down	NA
000114	DEY	1	4	down	NA
000114	EAST	5	4	down	NA
000114	SWAB	1	5	down	NA
000114	ROAM	6	5	down	NA
000114	I	1	6	down	NA
000114	LATIN	3	6	down	NA
000114	I	9	6	down	NA
000114	DETENTION	1	7	down	NA
000114	EVY	1	8	down	NA
000114	CYCLE	5	8	down	NA
000115	CLOTHES	2	1	across	NA
000115	HARE	3	1	across	NA
000115	VY	3	6	across	NA
000115	RIP	4	1	across	NA
000115	NIS	4	5	across	NA
000115	I	5	1	across	NA
000115	HTML	5	3	across	NA
000115	SPARE	6	1	across	NA
000115	S	6	7	across	NA
000115	TINE	7	1	across	NA
000115	AT	7	6	across	NA
000115	IA	8	1	across	NA
000115	ABLE	8	4	across	NA
000115	ANYTIME	9	1	across	NA
000115	NOW	10	1	across	NA
000115	SSR	10	5	across	NA
000115	CHRISTIAN	1	2	down	NA
000115	LAI	1	3	down	NA
000115	PIANO	5	3	down	NA
000115	ORPHAN	1	4	down	NA
000115	YW	8	4	down	NA
000115	TE	1	5	down	NA
000115	TREAT	4	5	down	NA
000115	H	1	6	down	NA
000115	NME	3	6	down	NA
000115	BIS	7	6	down	NA
000115	EVIL	1	7	down	NA
000115	ALMS	6	7	down	NA
000115	SYS	1	8	down	NA
000115	STEER	5	8	down	NA
000116	CRAMPED	2	1	across	NA
000116	OOZE	3	1	across	NA
000116	AU	3	6	across	NA
000116	NV	4	1	across	NA
000116	WIRE	4	4	across	NA
000116	DEM	5	1	across	NA
000116	PTL	5	5	across	NA
000116	U	6	1	across	NA
000116	AHHH	6	3	across	NA
000116	CAMEO	7	1	across	NA
000116	M	7	7	across	NA
000116	TRAINEE	8	1	across	NA
000116	OE	9	1	across	NA
000116	SEAR	9	4	across	NA
000116	RAFT	10	1	across	NA
000116	SE	10	6	across	NA
000116	CONDUCTOR	1	2	down	NA
000116	ROVE	1	3	down	NA
000116	AREA	6	3	down	NA
000116	AZ	1	4	down	NA
000116	MAMA	4	4	down	NA
000116	F	9	4	down	NA
000116	MEW	1	5	down	NA
000116	HEIST	5	5	down	NA
000116	P	1	6	down	NA
000116	IPHONE	3	6	down	NA
000116	EARTH	1	7	down	NA
000116	EAS	7	7	down	NA
000116	DUEL	1	8	down	NA
000116	MERE	6	8	down	NA
000117	PLACEBO	2	1	across	NA
000117	RAZ	3	1	across	NA
000117	VAT	3	5	across	NA
000117	OV	4	1	across	NA
000117	TORT	4	4	across	NA
000117	FAKE	5	1	across	NA
000117	LE	5	6	across	NA
000117	E	6	1	across	NA
000117	ANGER	6	3	across	NA
000117	SALARY	7	1	across	NA
000117	SCENE	8	1	across	NA
000117	C	8	7	across	NA
000117	OH	9	1	across	NA
000117	TEAR	9	4	across	NA
000117	REY	10	1	across	NA
000117	DAP	10	5	across	NA
000117	PROFESSOR	1	2	down	NA
000117	LAVA	1	3	down	NA
000117	ACHE	6	3	down	NA
000117	AZ	1	4	down	NA
000117	KALE	4	4	down	NA
000117	Y	9	4	down	NA
000117	C	1	5	down	NA
000117	TENANT	3	5	down	NA
000117	EVO	1	6	down	NA
000117	GREED	5	6	down	NA
000117	BARLEY	1	7	down	NA
000117	AA	8	7	down	NA
000117	OTTER	1	8	down	NA
000117	CRP	7	8	down	NA
000118	SWEDISH	2	1	across	NA
000118	PUMA	3	1	across	NA
000118	PI	3	6	across	NA
000118	A	4	1	across	NA
000118	ITCHY	4	3	across	NA
000118	CITE	5	1	across	NA
000118	EA	5	6	across	NA
000118	EN	6	1	across	NA
000118	DER	6	4	across	NA
000118	SDS	7	1	across	NA
000118	JES	7	5	across	NA
000118	HOUSE	8	1	across	NA
000118	T	8	7	across	NA
000118	IO	9	1	across	NA
000118	ACAI	9	4	across	NA
000118	PRINTER	10	1	across	NA
000118	SPACESHIP	1	2	down	NA
000118	WU	1	3	down	NA
000118	INDOOR	4	3	down	NA
000118	EMIT	1	4	down	NA
000118	SU	6	4	down	NA
000118	I	9	4	down	NA
000118	DATED	1	5	down	NA
000118	SAN	7	5	down	NA
000118	I	1	6	down	NA
000118	C	3	6	down	NA
000118	EJECT	5	6	down	NA
000118	SPHERE	1	7	down	NA
000118	AE	8	7	down	NA
000118	HIYA	1	8	down	NA
000118	STIR	6	8	down	NA
000119	AEROBIC	2	1	across	NA
000119	SA	3	1	across	NA
000119	ROOM	3	4	across	NA
000119	SUNNI	4	1	across	NA
000119	V	4	7	across	NA
000119	I	5	1	across	NA
000119	BALM	5	3	across	NA
000119	SHAM	6	1	across	NA
000119	UT	6	6	across	NA
000119	TA	7	1	across	NA
000119	EMIR	7	4	across	NA
000119	AMINO	8	1	across	NA
000119	U	8	7	across	NA
000119	N	9	1	across	NA
000119	STOIC	9	3	across	NA
000119	TWA	10	1	across	NA
000119	TUE	10	5	across	NA
000119	ASSISTANT	1	2	down	NA
000119	EAU	1	3	down	NA
000119	HAM	5	3	down	NA
000119	W	9	3	down	NA
000119	R	1	4	down	NA
000119	NBA	3	4	down	NA
000119	ISA	7	4	down	NA
000119	ORNAMENT	1	5	down	NA
000119	BOIL	1	6	down	NA
000119	MOOT	6	6	down	NA
000119	IO	1	7	down	NA
000119	MUI	4	7	down	NA
000119	IU	8	7	down	NA
000119	CMV	1	8	down	NA
000119	TRUCE	5	8	down	NA
000120	INFLICT	2	1	across	NA
000120	NEAT	3	1	across	NA
000120	AV	3	6	across	NA
000120	VRE	4	1	across	NA
000120	MPS	4	5	across	NA
000120	IV	5	1	across	NA
000120	CEE	5	4	across	NA
000120	SEDAN	6	1	across	NA
000120	S	6	7	across	NA
000120	I	7	1	across	NA
000120	ERUPT	7	3	across	NA
000120	BALE	8	1	across	NA
000120	UE	8	6	across	NA
000120	LEISURE	9	1	across	NA
000120	ES	10	1	across	NA
000120	STEP	10	4	across	NA
000120	INVISIBLE	1	2	down	NA
000120	NERVE	1	3	down	NA
000120	AES	7	3	down	NA
000120	FAE	1	4	down	NA
000120	DELI	5	4	down	NA
000120	LT	1	5	down	NA
000120	CARESS	4	5	down	NA
000120	I	1	6	down	NA
000120	MENU	3	6	down	NA
000120	UT	8	6	down	NA
000120	CAPE	1	7	down	NA
000120	PURE	6	7	down	NA
000120	TVS	1	8	down	NA
000120	STEEP	5	8	down	NA
